title,description
Electronics,Featuring Aluminium-enhanced technology, our Shirt offers unparalleled dapper performance
Health,The sleek and jumbo Cheese comes with fuchsia LED lighting for smart functionality
Jewelry,Hilpert, Jast and Morar's most advanced Mouse technology increases kosher capabilities
Movies,Featuring Rutherfordium-enhanced technology, our Hat offers unparalleled voluminous performance
Tools,Introducing the American Samoa-inspired Towels, blending scaly style with local craftsmanship
Games,The Stand-alone radical generative AI Chicken offers reliable performance and deserted design
Toys,New Bacon model with 4 GB RAM, 807 GB storage, and rowdy features
Tools,Fresh Chicken designed with Gold for teeming performance
Electronics,Medhurst and Sons's most advanced Chips technology increases creamy capabilities
Sports,New yellow Pants with ergonomic design for scornful comfort
Automotive,Discover the cow-like agility of our Salad, perfect for perky users
Sports,Our hamster-friendly Computer ensures joyous comfort for your pets
Music,New Fish model with 96 GB RAM, 51 GB storage, and both features
Sports,New cyan Fish with ergonomic design for pushy comfort
Music,Oriental Pants designed with Silk for sour performance
Outdoors,Professional-grade Computer perfect for bossy training and recreational use
Music,The Aisha Keyboard is the latest in a series of whopping products from Bahringer - Senger
Baby,Awesome Pants designed with Concrete for agreeable performance
Books,New gold Pizza with ergonomic design for perfumed comfort
Toys,Jerde Inc's most advanced Pants technology increases authorized capabilities
Books,Discover the ostrich-like agility of our Shirt, perfect for square users
Shoes,The sleek and ample Tuna comes with teal LED lighting for smart functionality
