title,description,price
Chair,Professional-grade Bacon perfect for pink training and recreational use,815.15
Car,The sleek and free Chair comes with silver LED lighting for smart functionality,586.09
Pants,Innovative Chicken featuring astonishing technology and Granite construction,646.45
Mouse,New Towels model with 83 GB RAM, 485 GB storage, and posh features,567.60
Hat,Experience the pink brilliance of our Keyboard, perfect for failing environments,189.49
Cheese,The Carmella Salad is the latest in a series of blond products from Shanahan, Wunsch and Ritchie,783.65
Shoes,New green Bike with ergonomic design for astonishing comfort,32.25
Pants,Discover the uncomfortable new Shoes with an exciting mix of Granite ingredients,840.99
Bacon,Introducing the Hong Kong-inspired Hat, blending infinite style with local craftsmanship,315.95
Hat,Discover the warmhearted new Computer with an exciting mix of Granite ingredients,139.55
Shoes,Small Towels designed with Metal for enraged performance,633.49
Chair,Ergonomic Salad made with Aluminum for all-day boring support,192.19
Computer,Keeling - Satterfield's most advanced Gloves technology increases stormy capabilities,847.29
Mouse,The Team-oriented contextually-based customer loyalty Shirt offers reliable performance and infatuated design,998.85
Towels,Professional-grade Computer perfect for hidden training and recreational use,907.05
Table,The ivory Car combines Monaco aesthetics with Protactinium-based durability,82.65
Towels,New Chips model with 16 GB RAM, 589 GB storage, and pertinent features,702.09
Bike,New pink Table with ergonomic design for dazzling comfort,837.09
Shirt,Discover the essential new Keyboard with an exciting mix of Cotton ingredients,591.25
Salad,Discover the superb new Tuna with an exciting mix of Wooden ingredients,121.19
Gloves,Stokes - Schmeler's most advanced Chair technology increases cluttered capabilities,494.15
Pants,Discover the unknown new Pizza with an exciting mix of Concrete ingredients,671.19
