name,surname,phone,email,username,password,birthdate
Bernadine,Schultz,607-642-5326 x366,Clementine76@gmail.com,Christine82,LW0v4lCdIWrhrg5,Mon Sep 16 2024 01:06:35 GMT+0300 (Rytų Europos vasaros laikas)
Jaleel,Stiedemann,(234) 523-1129 x52095,Valentin_DuBuque19@gmail.com,Rowland_Orn,lziuy3pGofbDpF7,Wed Aug 21 2024 20:31:36 GMT+0300 (Rytų Europos vasaros laikas)
Zander,Boehm,589.648.1013 x739,Moshe.Marvin35@gmail.com,Wanda20,F0l8EY01uYwAush,Mon Nov 11 2024 02:07:50 GMT+0200 (Rytų Europos žiemos laikas)
Jared,Kuphal,704-207-7728,Fanny.Abernathy25@gmail.com,Ricky.Lindgren,gA19FLK1PxG4PML,Sat Jan 25 2025 12:15:49 GMT+0200 (Rytų Europos žiemos laikas)
Constance,Kohler,(885) 388-1847 x23433,Kenny24@hotmail.com,Yvette_Botsford,JQBKZG4q9h8MRnU,Wed May 01 2024 01:32:57 GMT+0300 (Rytų Europos vasaros laikas)
Roxanne,Wuckert,543.288.4266 x14290,Cortez86@gmail.com,Cassie_Kozey,bwuUI56Rt4zafY1,Mon Sep 16 2024 23:27:52 GMT+0300 (Rytų Europos vasaros laikas)
Melany,Marvin,829.783.7241,Vesta.Mraz34@hotmail.com,Jewell_McGlynn-Ankunding49,D4nsaGMdi5756bG,Sat Jan 18 2025 01:50:54 GMT+0200 (Rytų Europos žiemos laikas)
Amani,Nolan,377-936-8506,Francisco56@gmail.com,Cassie.Bailey-Gutkowski,W5cTguqvrp2cAOs,Thu Feb 06 2025 08:56:57 GMT+0200 (Rytų Europos žiemos laikas)
Bradford,Hilll,486-499-9074 x3808,Octavia0@yahoo.com,Helga86,RmIQZl4SRUlDjzG,Thu Dec 19 2024 01:07:14 GMT+0200 (Rytų Europos žiemos laikas)
Elisa,Beahan,538.890.2804 x98158,Roger.Parker@yahoo.com,Ernesto_Bradtke80,zmKRcHlV0ZCgw9i,Thu Dec 26 2024 17:08:16 GMT+0200 (Rytų Europos žiemos laikas)
Althea,Leannon,(616) 831-7550 x47232,Vallie.Toy@gmail.com,Reta_Rippin15,JR_K45I7Shw4svL,Thu Dec 19 2024 03:17:45 GMT+0200 (Rytų Europos žiemos laikas)
Verona,Paucek,(284) 417-1540 x774,Laura66@hotmail.com,Maybelle5,erwVlGP2xzHXSBB,Thu Sep 12 2024 01:31:11 GMT+0300 (Rytų Europos vasaros laikas)
Hardy,Becker,912-592-2396 x7394,Nathan_Larkin23@hotmail.com,Michel52,NpFJ2Kk9_fuBGf7,Tue Oct 08 2024 21:50:15 GMT+0300 (Rytų Europos vasaros laikas)
Haleigh,Carter,(727) 313-2325 x16816,Simone_Bogisich96@yahoo.com,Norma.Jast22,AXwD0zUIGw06HNu,Sat Feb 22 2025 17:34:48 GMT+0200 (Rytų Europos žiemos laikas)
Candelario,Cummerata,641.915.7485 x63220,Christopher_Kub@yahoo.com,Ben.Rogahn37,q91SubWCwUod9bd,Sat May 18 2024 04:54:59 GMT+0300 (Rytų Europos vasaros laikas)
Thelma,Howe,1-506-509-9531,Bridie54@gmail.com,Tracy.Bashirian-Roob85,P0xgfrSMGQmwC8v,Tue Apr 16 2024 01:14:28 GMT+0300 (Rytų Europos vasaros laikas)
Lonie,Windler,650.307.0297,Bonita69@gmail.com,Vernice.Dicki,TNCmBo9MmYPSTkU,Mon Apr 08 2024 14:48:50 GMT+0300 (Rytų Europos vasaros laikas)
Brenden,Nikolaus,(942) 246-0755 x454,Logan_Hammes@hotmail.com,Tia47,OMHf_H3hoRMJo9a,Fri Feb 14 2025 05:32:27 GMT+0200 (Rytų Europos žiemos laikas)
Hallie,Effertz,279-856-2102,Palma_Kunde@gmail.com,Audreanne25,Gd_RMHZ7yLNTHAX,Fri Jan 31 2025 16:59:49 GMT+0200 (Rytų Europos žiemos laikas)
Juliana,Schamberger,1-751-672-2936 x70978,Fleta_Becker-Murray@hotmail.com,Shaun57,NON9AqkUgvE1X7t,Thu Jun 27 2024 13:16:47 GMT+0300 (Rytų Europos vasaros laikas)
Bobby,Bayer,(873) 368-5728,Shanel.Pouros@yahoo.com,Mateo17,D7IUHtqCkGqFwMs,Sun Dec 15 2024 02:35:50 GMT+0200 (Rytų Europos žiemos laikas)
Ahmed,Kris,510.657.7737,Alta_Walter62@gmail.com,Makayla89,vqHHmR7f1M5LY_e,Fri Dec 13 2024 10:31:32 GMT+0200 (Rytų Europos žiemos laikas)
